Grade,Scope & Sequence,Activity Plans,Flashcards,Unit Tests,Lesson Plans,Other Resources
K1,https://drive.google.com/uc?id=1gpsPyuM_c8XxK_aG5tkIOYb4huz64mOC&export=download,https://drive.google.com/uc?id=1ZkH7kb3Uu8doZV2tOsI2y-hj3ckKocQi&export=download,https://drive.google.com/uc?id=15p3PG49TO98bGtCGRSSy3j64yAsdTSwG&export=download,,,
K2,https://drive.google.com/uc?id=1cM33p--xcM1PLCb4DI9l1goA2kzw4XLP&export=download,https://drive.google.com/uc?id=1FWVsXxckDxxCYqYnRvPdzOFGVER6SEu7&export=download,https://drive.google.com/uc?id=1FDt_V123LWiCN5-phRjfH_NaCDrcE_9k&export=download,,,
K3,https://drive.google.com/uc?id=16uH20OyzGbf-8lBjzJcFsitO-cnGHfhS&export=download,https://drive.google.com/uc?id=1yPLPXPIJPh6_oJVVL4rbGOgLU_LmnWUR&export=download,https://drive.google.com/uc?id=1fmrCcDM0F0OVg3Z3MiOVxIw1ypy2uvBB&export=download,,,
Anuban Songs,,,,,https://drive.google.com/drive/folders/1NdHfz0SNsfntX70fYSsehEeTVzGLiJIL,
P1,https://drive.google.com/uc?id=13KvJtbvXvveDXI-6NrWxkwKtlKXrMHCm&export=download,https://drive.google.com/uc?id=1MDy0wQKNitqUiQXhUiBvkROueSYPQbk1&export=download,https://drive.google.com/uc?id=1PXRH2ncDqcjeufZfiMlQlPqLULGzL5No&export=download,https://drive.google.com/uc?id=16roz39d92GeXhUKabuv-Jl4yguGRpZc-&export=download,https://drive.google.com/drive/folders/18fa7dA4SdotXRFmLxZDR163qdASgfjhZ,
P2,https://drive.google.com/uc?id=1R3MlCZ2ZFnWtXFRUGfFftAL6aD7gpCf7&export=download,https://drive.google.com/uc?id=15Xv1GghbKZv3WG4pDRBCeVZ_SEo9p9xx&export=download,https://drive.google.com/uc?id=1h7qK8S88Z-jA5LFcunQtJQ-4MP8UNOMB&export=download,https://drive.google.com/uc?id=1iafLzyhFC9SihT2q-ZTl3epQjfYVaB3L&export=download,https://drive.google.com/drive/folders/18jei-ccAbx4b4xUzDDZ8H2PKw_I2yNeh,
P3,https://drive.google.com/uc?id=1_jIapVGFDnmIuXYffpiiozcF20FB4LpV&export=download,https://drive.google.com/uc?id=16iueDRCxuhz9rT4gLSIidhafA_gEuH8G&export=download,https://drive.google.com/uc?id=1PMX59vXe-Y1970vqQNWw5-9eLFTQu4i8&export=download,https://drive.google.com/uc?id=1KlwaOu7JjXhMhtHwhy26pYqO2lptn3S3&export=download,https://drive.google.com/drive/folders/14VcMK7qKR1esC7HrsaHmaT6S_wgp_Gtg,
P4,https://drive.google.com/uc?id=1__Df16jwY0O1l4PD2uSIzGhmzmc0G05v&export=download,https://drive.google.com/uc?id=1iT0nLF7pX6f0krSSQaPsIR56tFGlAyPQ&export=download,https://drive.google.com/uc?id=1CL5lEZZ6SkfpCFNpDz2PAMNXkIeHLlFc&export=download,https://drive.google.com/uc?id=1wrPg8pS7MN42Wk3l3WyqppF74TMS1INt&export=download,https://drive.google.com/drive/folders/1ixVOR8RDpYPDj7XLtcouH4O475tHH_pM,
P5,https://drive.google.com/uc?id=1lqgsORF57VKA10dcGV2SbfLi0meFBtQw&export=download,https://drive.google.com/uc?id=16072NCtnBohfOt8DcBVZwT1rOF3G2pZ9&export=download,https://drive.google.com/uc?id=14zl74vd4O0Xhylihqn3qm9VnPyOe3zP1&export=download,https://drive.google.com/uc?id=1r93yZqJXm_QN6W7Y5DkS1c5jN9_yFgdQ&export=download,https://drive.google.com/drive/folders/1_jkXgmmD2xILQFV0ptyP5zQN2n010TDr,
P6,https://drive.google.com/uc?id=1DLyWMA_4p6feqth0NH-e5pw7mCuMyomP&export=download,https://drive.google.com/uc?id=1zCPMDeby5kFzTfWNZJtH8ozPr7ilCnUq&export=download,https://drive.google.com/uc?id=17HSRQ7QOXz_hLqDFY_icP0llkgbgThqN&export=download,https://drive.google.com/uc?id=125Gx5nsKQAC5Q6wg1XDdiiy26iIeGLgt&export=download,https://drive.google.com/drive/folders/1bw4MCw-UyveR0yk4ZEbiEgw7J4u9Gj1l,
Prathom Songs,,,,,https://drive.google.com/drive/folders/1El4y0zR9yEK853CyyHod1tzgJ3Uwoqyn,
M1,https://drive.google.com/uc?id=1378jECRNkYjoXPfOh6tSPA6LMi18nO9c&export=download,https://drive.google.com/uc?id=1CikrXckkuJmaQwvlnN-UEsXgOat_a8_L&export=download,https://drive.google.com/drive/folders/1w8Kw-J2bYunhcY4bTmSumOljTJOPDp44,https://drive.google.com/uc?id=1POkhd7CpC8uyRz3FNz4UvTRsujQkVH6r&export=download,https://drive.google.com/drive/folders/1A5RgJPIvZ4GxBCgTlzUTrOaUe4CKISxj,
M2,https://drive.google.com/uc?id=1h2g_KWkA3F-4nKWVqYgLqkf_nA-rPXpg&export=download,https://drive.google.com/uc?id=1KkKW0HZarGVo6rMUMJRrOXrGJupOf1Uw&export=download,https://drive.google.com/drive/folders/1VJEyWOD8hh0TIQTFuAnRhz3ywB-J4ktp,https://drive.google.com/uc?id=1TlFhsc_T6Am2HG01MXORhwfgLhiYjjEt&export=download,https://drive.google.com/drive/folders/1GwTeoaIkvI4fsgfN3eNVZH398JqVOheJ,
M3,https://drive.google.com/uc?id=1uWt8917k9AkZS65ikBLepi6Uzhp0fuvC&export=download,https://drive.google.com/uc?id=1gJGRUiCSuIeC7hNMPBpgNEK-Jo03ra72&export=download,https://drive.google.com/drive/folders/1k-RbGbUwhb1L_3ZZwRcvS6GFD55th_cG,https://drive.google.com/uc?id=1tiEob2xSy15p5_S1_so3GVibatQSYR9W&export=download,https://drive.google.com/drive/folders/15MG2Vs3MhB7J_pycri9ZBtvR9gcVDJ7h,
M4,https://drive.google.com/uc?id=15zzS6WkPYTG0k1QW2Vyg9Jy8PZja8uDh&export=download,https://drive.google.com/uc?id=100H_BPAPBxlm9PkdyDdTBtQyLMMLT3G4&export=download,https://drive.google.com/drive/folders/1BBPc2GfTTzDT74kMyjfxqbpS6KNViM-u,https://drive.google.com/uc?id=1M_K2D-JUtUuIfloABu28qr0Lv3H7i0sw&export=download,https://drive.google.com/drive/folders/1FQdWC6WCpbfiKuGHuZN9EVVH1IeWwvLz,
M5,https://drive.google.com/uc?id=1TMwufJ4J4TuK1ChyqYlYYZGxtsSHsi1c&export=download,https://drive.google.com/uc?id=1_9OSvUU036WWBN8fsXExKmw0AjAExmA7&export=download,https://drive.google.com/drive/folders/15cPMNWOErioQ6vOmRFDpBRjpxdDYS_PD,https://drive.google.com/uc?id=1kBGFjPjMi023e07TMF_NHQZsECYDw9yC&export=download,https://drive.google.com/drive/folders/1UUGqj4ab2Zx6blCuc5dKky0Kd_vri8G2,
M6,https://drive.google.com/uc?id=11eDMa9OlmkRwQtHlucLNCx7WxEdf6xsU&export=download,https://drive.google.com/uc?id=1bbrtBPU4y8WuqMGtrzeySiwYYv-1MS1w&export=download,https://drive.google.com/drive/folders/1YvVagrsFiFydRqp7Kk8WAneFimd85uBY,https://drive.google.com/uc?id=14JJjQcmNlYx69K2WNgCF3N3KQpMwty7g&export=download,https://drive.google.com/drive/folders/1WGWO9AywLNZ9UYs9q6l-tcvakRWUWoy5,
Mathayom Songs,,,,,https://drive.google.com/drive/folders/1-IpN1hG1FvMBygowVFzLY33Bme0zwdJm,
Project Ideas,,,,,https://drive.google.com/uc?id=1hMgC7iiRxfD_uW1Q0JEgts_kABtH-Rh_&export=download,
Teacher's Admin,,,,,https://drive.google.com/drive/folders/1vTHe9pp7jaLBnjC2_2pVjrRMYLIV3M-p,
